Product ID,Product Name,Product Link,Overall Rating,Price,Reviews Count,Product Details,Seller Name
4obtb7,"Hipbrat, Red/ MatteLiquid/ LipstickPack of 1",https://www.meesho.com/hipbrat-red-matteliquid-lipstickpack-of-1/p/4obtb7,3.8,₹103,"19451 Ratings, 6351 Reviews","Name : Hipbrat, Red/ MatteLiquid/ LipstickPack of 1|Product Name : Hipbrat, Red/ MatteLiquid/ LipstickPack of 1|Brand Name : Hipbrat|Finish : Long Wearing & Transfer Resistant|Color : Combo Of Pink Red Maroon|Type : Waterproof|Net Quantity (N) : 6|Add On : Eye Liner|4 LIPSTIC ANDEYELINER KAJAL PACK||Country of Origin : India",Not available
5k6fjf,Apple lipstick 2,https://www.meesho.com/apple-lipstick-2/p/5k6fjf,3.7,₹106,"10146 Ratings, 2525 Reviews","Name : Apple lipstick 2|Product Name : Apple lipstick 2|Finish : Long Wearing & Transfer Resistant|Color : Combo Of Red Shade|Type : Waterproof|Net Quantity (N) : 1|Add On : Lip Gloss|Red Mahroom Apple lipstick,||Country of Origin : India",Not available
5b49ob,"MARS Ultra Pigmented Super Soft Ultra Matte Lipstick Long Lasting Pack of 4 (Shade-F, 14.4 g)",https://www.meesho.com/mars-ultra-pigmented-super-soft-ultra-matte-lipstick-long-lasting-pack-of-4-shade-f-144-g/p/5b49ob,4.1,₹350,"23253 Ratings, 8905 Reviews","Name : MARS Ultra Pigmented Super Soft Ultra Matte Lipstick Long Lasting Pack of 4 (Shade-F, 14.4 g)|Product Name : MARS Ultra Pigmented Super Soft Ultra Matte Lipstick Long Lasting Pack of 4 (Shade-F, 14.4 g)|Brand Name : Mars|Finish : Matte|Color : Nude|Type : Liquid|Net Quantity (N) : 4|Mars Super Soft Creamy Matte Lipstick is the ultimate makeup kit essential, promising lips that look fuller and more luscious. This luxurious lipstick is available in lovely radiant & matte colors that are rich in moisturizing properties, keeping your lips looking fuller and creamier all day long. Enriched with Vitamin E and sunscreen agents with SPF 10, it nourishes and protects your lips from harmful UV rays. The super-soft formula glides on effortlessly, delivering flawless, even coverage for the perfect pout.||Choose from a dazzling array of 4 fabulous matte finishes, and pamper your lips with Mars Lipstick to enhance your beauty. The lipstick features a diamond-cut tip with the Mars logo printed on it for easy application and professional results. Mars Lipsticks are 100% vegetarian and suitable for daily use. Enjoy the benefits of a creamy matte lipstick enriched with Shea Butter for a smooth, long-lasting finish.||Perfect for your makeup kit, this lipstick provides both beauty and protection!|||||||Country of Origin : China",Not available
5utebe,Ronzille Long Lasting Waterproof Non Transfer Liquid Matte Lipstick Set of 10,https://www.meesho.com/ronzille-long-lasting-waterproof-non-transfer-liquid-matte-lipstick-set-of-10/p/5utebe,4.3,₹257,"86674 Ratings, 32852 Reviews","Name : Ronzille Long Lasting Waterproof Non Transfer Liquid Matte Lipstick Set of 10|Product Name : Ronzille Long Lasting Waterproof Non Transfer Liquid Matte Lipstick Set of 10|Brand Name : RONZILLE|Finish : Matte|Color : Multicolor|Type : Crayon|Net Quantity (N) : 10|lipstick for women, lipstick combo, lipstick liquid waterproof, waterproof lipstick, lipstick set, liquid lipstick, matte lipstick, lip liner with lipstick, nude lipstick, korean lipstick, lipstick palette, nude lipstick matte combo, Ronzille nude lipstick, nude pink lipstick, liquid wala lipstick, mars lipstick matte, brown lipstick matte, mini lipstick kit, Ronzille liquid lipstick, nude shade lipstick, maroon lipstick, Ronzille lipstick, brown lipstick, lipstick lipstick; waterproof lipstick liquid, maroon color lipstick, ronzille lipstick, ronzille, ronzille liquid lipstick, ronzille mini lipstick, lipstick ronzille, ronzille lipstick set, ronzille mini liquid lipstick kit, ronzille blush, ronzille lipstick combo, ronzille lip and cheek tint, ronzille long lasting lipstick, ronzille mini liquid lipstick, ronzille matte lipstick, ronzille long lasting, ronzille nude lipstick, ronzille fantastic lip and cheek, ronzille lip tint, ronzille tint, ronzille pocket matte lipstick set, ronzille mini bullet lipstick set, ronzille lip cheek tint, ronzille lipstick matte, ronzille pocket matte lipstick. ronzille mat lipstick, ronzille long lasting waterproof lipstick||Country of Origin : India",Not available
6jppoo,"RED Edition Set of 12 Liquid Lipsticks Matte Finish Long Lasting Lipstick Combo Pack (Muticolor, 64 ml)",https://www.meesho.com/red-edition-set-of-12-liquid-lipsticks-matte-finish-long-lasting-lipstick-combo-pack-muticolor-64-ml/p/6jppoo,3.9,₹197,"13710 Ratings, 4802 Reviews","Name : RED Edition Set of 12 Liquid Lipsticks Matte Finish Long Lasting Lipstick Combo Pack (Muticolor, 64 ml)|Product Name : RED Edition Set of 12 Liquid Lipsticks Matte Finish Long Lasting Lipstick Combo Pack (Muticolor, 64 ml)|Finish : Long Wearing & Transfer Resistant|Color : Combo Of Different Color|Type : Liquid|Net Quantity (N) : 1||Country of Origin : India",Not available
4oywba,"BEAUTY Professional Color Sensational Liquid Lipstick Combo Pack, Set of 4 Edition Mini Lipsticks Matte Finish Lip Color ( Edition, 20 ml).",https://www.meesho.com/beauty-professional-color-sensational-liquid-lipstick-combo-pack-set-of-4-edition-mini-lipsticks-matte-finish-lip-color-edition-20-ml/p/4oywba,4.1,₹102,"12359 Ratings, 4882 Reviews","Name : BEAUTY Professional Color Sensational Liquid Lipstick Combo Pack, Set of 4 Edition Mini Lipsticks Matte Finish Lip Color ( Edition, 20 ml).|Product Name : BEAUTY Professional Color Sensational Liquid Lipstick Combo Pack, Set of 4 Edition Mini Lipsticks Matte Finish Lip Color ( Edition, 20 ml).|Brand Name : Vagons|Finish : Long Wearing & Transfer Resistant|Color : Nude|Type : Liquid|Net Quantity (N) : 4|Add On : Lip Gloss|BEAUTY Professional Color Sensational Liquid Lipstick Combo Pack, Set of 4 Edition Mini Lipsticks Matte Finish Lip Color ( Edition, 20 ml).||Country of Origin : India",Not available
6t642z,Seven Seas 2 in 1 Lipstick | Full Coverage | Comfortable | 2 in 1 | Lipstick + Liquid Lipstick (Rose),https://www.meesho.com/seven-seas-2-in-1-lipstick-full-coverage-comfortable-2-in-1-lipstick-liquid-lipstick-rose/p/6t642z,4.2,₹146,"5232 Ratings, 2280 Reviews","Name : Seven Seas 2 in 1 Lipstick | Full Coverage | Comfortable | 2 in 1 | Lipstick + Liquid Lipstick (Rose)|Product Name : Seven Seas 2 in 1 Lipstick | Full Coverage | Comfortable | 2 in 1 | Lipstick + Liquid Lipstick (Rose)|Brand Name : Seven Seas|Finish : Matte|Color : Next to Nude|Type : Stick|Net Quantity (N) : 1|Seven Seas 2 in 1 Lip DUO lipstick + liquid lipstick is an intensely pigmented lipstick that gives you high coverage color. Try long lasting 2 in 1 lipstick for instant bold lips. Hard to fade, moisturized and silky formula. Lipstick, Makeup, Makeup Kit||Country of Origin : India",Not available
5vndv2,"BROWN BLUSH Matte Mini, Combo Of Different Color/ MatteLiquid/ LipstickPack of 8",https://www.meesho.com/brown-blush-matte-mini-combo-of-different-color-matteliquid-lipstickpack-of-8/p/5vndv2,4.0,₹121,"29103 Ratings, 13993 Reviews","Name : BROWN BLUSH Matte Mini, Combo Of Different Color/ MatteLiquid/ LipstickPack of 8|Product Name : BROWN BLUSH Matte Mini, Combo Of Different Color/ MatteLiquid/ LipstickPack of 8|Brand Name : Brown Blush|Finish : Matte|Color : Combo Of Different Color|Type : Liquid|Net Quantity (N) : 8|Add On : Lip Gloss||Country of Origin : India",Not available
529ktd,LIPSTIK PAKEOF 4 MATT,https://www.meesho.com/lipstik-pakeof-4-matt/p/529ktd,3.8,₹95,"6250 Ratings, 1522 Reviews",Name : LIPSTIK PAKEOF 4 MATT|Product Name : LIPSTIK PAKEOF 4 MATT|Finish : Long Wearing & Transfer Resistant|Color : Multicolor|Type : Stick|Net Quantity (N) : 4||Country of Origin : India,Not available
59mkx0,"Ronzille Long Lasting Hydrating Mini Lipstick-Pack of 6 (Nude Edition,6 G)",https://www.meesho.com/ronzille-long-lasting-hydrating-mini-lipstick-pack-of-6-nude-edition6-g/p/59mkx0,3.7,₹130,"16242 Ratings, 6352 Reviews","Name : Ronzille Long Lasting Hydrating Mini Lipstick-Pack of 6 (Nude Edition,6 G)|Product Name : Ronzille Long Lasting Hydrating Mini Lipstick-Pack of 6 (Nude Edition,6 G)|Brand Name : RONZILLE|Finish : Matte|Color : Brown|Type : Liquid|Net Quantity (N) : 6|Makeup kit|Makeup|Lipstick|Ranzille Lipstick Shade Sampler Kit is a miniaturo pack of 6 shades specially curated for you to test out the stay, texture and find a perfect shade to look your best. It is made by cutting out unnecessary ingredients from the formula while making it as wholesome as possible without compromising on the 'glam factor These miniature lipsticks can also be used as a lip balm that nurtures, repairs, and moisturises the lips and makes them look plumped and beautiful at all times lipstick for women, lipstick combo, lipstick liquid waterproof, waterproof lipstick, lipstick set, liquid lipstick, matte lipstick, lip liner with lipstick, nude lipstick, korean lipstick, lipstick palette, nude lipstick matte combo, Ronzille nude lipstick, nude pink lipstick, liquid wala lipstick, mars lipstick matte, brown lipstick matte, mini lipstick kit, Ronzille liquid lipstick, nude shade lipstick, maroon lipstick, Ronzille lipstick, brown lipstick, lipstick lipstick; waterproof lipstick liquid, maroon color lipstick, ronzille lipstick, ronzille, ronzille liquid lipstick, ronzille mini lipstick, lipstick ronzille, ronzille lipstick set, ronzille mini liquid lipstick kit, ronzille blush, ronzille lipstick combo, ronzille lip and cheek tint, ronzille long lasting lipstick, ronzille mini liquid lipstick, ronzille matte lipstick, ronzille long lasting, ronzille nude lipstick, ro||Country of Origin : India",Not available
5gof6l,"MILA BEAUTÉ Long Wear Matte Lipstick Waterproof & Smudge Proof Lipstick Combo Set of 2, (8.4g) (Shekh Hasina, Fired Up)",https://www.meesho.com/mila-beaute-long-wear-matte-lipstick-waterproof-smudge-proof-lipstick-combo-set-of-2-84g-shekh-hasina-fired-up/p/5gof6l,4.0,₹174,"2901 Ratings, 809 Reviews","Name : MILA BEAUTÉ Long Wear Matte Lipstick Waterproof & Smudge Proof Lipstick Combo Set of 2, (8.4g) (Shekh Hasina, Fired Up)|Product Name : MILA BEAUTÉ Long Wear Matte Lipstick Waterproof & Smudge Proof Lipstick Combo Set of 2, (8.4g) (Shekh Hasina, Fired Up)|Brand Name : MILA BEAUTE|Finish : Matte|Color : Maroon|Type : Crayon|Net Quantity (N) : 2|Enhance your look with our Rich Matte Longwear Lipstick, designed to complement Indian skin tones. Enjoy up to 8 hours of rich, pure matte colour that stays smooth and non-flaking. Enriched with Vitamin E, it nourished your lips, blurs fine lines, and remains bleed-proof. One swipe of this lipstick delivers vibrant, rich colour|||Country of Origin : India",Not available
kxw6x,"NattyU, Red/ MatteLiquid/ LipstickPack of 12",https://www.meesho.com/nattyu-red-matteliquid-lipstickpack-of-12/p/kxw6x,4.1,₹206,"18625 Ratings, 6772 Reviews","Name : NattyU, Red/ MatteLiquid/ LipstickPack of 12|Product Name : NattyU, Red/ MatteLiquid/ LipstickPack of 12|Brand Name : NattyU|Finish : Matte|Color : Multicolor|Type : Liquid|Net Quantity (N) : 12|NattyU HB Lipsticks set of 12.|Transfer Proof and Long Lasting|Upto 12 Hours stay|Vibrant colors||Country of Origin : India",Not available
4oh414,Ronzille Matte Liquid Lipstick Non Transfer Plus Lip gloss Nude Edition Pack of 4,https://www.meesho.com/ronzille-matte-liquid-lipstick-non-transfer-plus-lip-gloss-nude-edition-pack-of-4/p/4oh414,4.0,₹202,"6485 Ratings, 2662 Reviews","Name : Ronzille Matte Liquid Lipstick Non Transfer Plus Lip gloss Nude Edition Pack of 4|Product Name : Ronzille Matte Liquid Lipstick Non Transfer Plus Lip gloss Nude Edition Pack of 4|Brand Name : RONZILLE|Finish : Matte|Color : Nude|Type : Crayon|Net Quantity (N) : 4|lipstick for women, lipstick combo, lipstick liquid waterproof, waterproof lipstick, lipstick set, liquid lipstick, matte lipstick, lip liner with lipstick, nude lipstick, korean lipstick, lipstick palette, nude lipstick matte combo, Ronzille nude lipstick, nude pink lipstick, liquid wala lipstick, mars lipstick matte, brown lipstick matte, mini lipstick kit, Ronzille liquid lipstick, nude shade lipstick, maroon lipstick, Ronzille lipstick, brown lipstick, lipstick lipstick; waterproof lipstick liquid, maroon color lipstick, ronzille lipstick, ronzille, ronzille liquid lipstick, ronzille mini lipstick, lipstick ronzille, ronzille lipstick set, ronzille mini liquid lipstick kit, ronzille blush, ronzille lipstick combo, ronzille lip and cheek tint, ronzille long lasting lipstick, ronzille mini liquid lipstick, ronzille matte lipstick, ronzille long lasting, ronzille nude lipstick, ronzille fantastic lip and cheek, ronzille lip tint, ronzille tint, ronzille pocket matte lipstick set, ronzille mini bullet lipstick set, ronzille lip cheek tint, ronzille lipstick matte, ronzille pocket matte lipstick. ronzille mat lipstick, ronzille long lasting waterproof lipstick||Country of Origin : India",Not available
6q16tj,"MILA BEAUTE Minis Pout Party Lipstick, Long Lasting & Highly Pigmented, 12 Mini Pocket Fit Lipstick - Multicolor (Set B)",https://www.meesho.com/mila-beaute-minis-pout-party-lipstick-long-lasting-highly-pigmented-12-mini-pocket-fit-lipstick-multicolor-set-b/p/6q16tj,4.2,₹187,"5659 Ratings, 2102 Reviews","Name : MILA BEAUTE Minis Pout Party Lipstick, Long Lasting & Highly Pigmented, 12 Mini Pocket Fit Lipstick - Multicolor (Set B)|Product Name : MILA BEAUTE Minis Pout Party Lipstick, Long Lasting & Highly Pigmented, 12 Mini Pocket Fit Lipstick - Multicolor (Set B)|Brand Name : MILA BEAUTE|Finish : Matte|Color : Multicolor|Type : Stick|Net Quantity (N) : 12|Formerly known as Milap Cosmetics, Ready to take your lip game to the next level? Meet the Mila Beauté Mini Pout Party – your ultimate lip companion. This adorable, portable set features 12 versatile shades that are perfect for on-the-go touch-ups. Whether you're heading to work, a party, or a weekend getaway, these mini matte lipsticks have got you covered. Enjoy long-lasting colour and a rich, velvety finish that stays put all day. With the Mini Pout Party, you can express yourself and experiment with different styles whenever you want. It's time to glam up anytime, anywhere with Mila Beauté!||Country of Origin : India",Not available
1lfhq6,"Ronzille Fantastic Lip and cheek tint pack of 2 (04,06)",https://www.meesho.com/ronzille-fantastic-lip-and-cheek-tint-pack-of-2-0406/p/1lfhq6,4.2,₹157,"43419 Ratings, 15830 Reviews","Name : Ronzille Fantastic Lip and cheek tint pack of 2 (04,06)|Ronzille 5 in 1 Lipstick 5 Step Lipstick Shade C",Not available
7rubi9,12 pcs lipstick combo of multi shades,https://www.meesho.com/12-pcs-lipstick-combo-of-multi-shades/p/7rubi9,4.2,₹170,"4232 Ratings, 1751 Reviews",Name : 12 pcs lipstick combo of multi shades|Product Name : 12 pcs lipstick combo of multi shades|Brand Name : Brown Blush|Finish : Matte|Color : Multicolor|Type : Liquid|Net Quantity (N) : 12|Add On : Lip Gloss||Country of Origin : India,Not available
5qy98v,Red&Mehron WaterProof Long Lasting Lipsticks,https://www.meesho.com/redmehron-waterproof-long-lasting-lipsticks/p/5qy98v,3.9,₹103,"2656 Ratings, 1040 Reviews","Name : Red&Mehron WaterProof Long Lasting Lipsticks|Product Name : Red&Mehron WaterProof Long Lasting Lipsticks|Finish : Matte|Color : Maroon|Type : Liquid|Net Quantity (N) : 2|Add On : Lip Gloss|Herbal Planet Red lipstick embodies a rich, natural red hue made from botanical extracts, delivering a bold and environmentally-conscious beauty choice. Meanwhile, Mehron Lipstick boasts a waterproof formula, offering an array of shades that provide enduring, vibrant color for a flawless and long-lasting lip finish.||Country of Origin : India",Not available
irca6,"Colors Queen Color Stay Long Lasting Matte Lipstick for Women (Rich Maroon, 2.1 g)",https://www.meesho.com/colors-queen-color-stay-long-lasting-matte-lipstick-for-women-rich-maroon-21-g/p/irca6,4.1,₹213,"10389 Ratings, 3621 Reviews","Name : Colors Queen Color Stay Long Lasting Matte Lipstick for Women (Rich Maroon, 2.1 g)|Product Name : Colors Queen Color Stay Long Lasting Matte Lipstick for Women (Rich Maroon, 2.1 g)|Brand Name : Colors Queen|Finish : Matte|Color : Maroon|Type : Crayon|Net Quantity (N) : 1|Colors Queen is the one-stop beauty destination that gives you access to a comprehensive of Makeup. We bring a new range of Matte Lipstick which is Color Stay. This Lipstick is Non-transfer, Smudge proof and Long lasting. This matte lipstick is your go-anywhere-do-anything fantasy must-have product.||Country of Origin : China",Not available
4bnvvm,"Colors Queen Color It All Lip Crayon Lipstick | Non Transfer Lip Crayon with Sharpener (Plum Pick, 3.5g)",https://www.meesho.com/colors-queen-color-it-all-lip-crayon-lipstick-non-transfer-lip-crayon-with-sharpener-plum-pick-35g/p/4bnvvm,4.0,₹175,"2998 Ratings, 1215 Reviews","Name : Colors Queen Color It All Lip Crayon Lipstick | Non Transfer Lip Crayon with Sharpener (Plum Pick, 3.5g)|Product Name : Colors Queen Color It All Lip Crayon Lipstick | Non Transfer Lip Crayon with Sharpener (Plum Pick, 3.5g)|Brand Name : Colors Queen|Finish : Matte|Color : Pink|Type : Crayon|Net Quantity (N) : 1|Add On : Sharpener|Tint up your lips with the ultra matte weightless perfection. Colors Queen Color It All Lip Crayon is designed with 18 hr long lasting, matte finish, and great comfort. Get high pigmentation, feathery soft feel, and a smudge-proof finish all day long. A rich wear to fashion-up your everyday makeup.||Country of Origin : China",Not available
445luw,Red & Maroon waterproof long lasting lipstick,https://www.meesho.com/red-maroon-waterproof-long-lasting-lipstick/p/445luw,3.8,₹105,"5116 Ratings, 1680 Reviews",Name : Red & Maroon waterproof long lasting lipstick|Product Name : Red & Maroon waterproof long lasting lipstick|Finish : Matte|Color : Maroon|Type : Liquid|Net Quantity (N) : 2||Country of Origin : India,Not available
6qwakb,Ronzille Silky Matte Mini Liquid Lipsticks Set Of 10,https://www.meesho.com/ronzille-silky-matte-mini-liquid-lipsticks-set-of-10/p/6qwakb,4.3,₹279,"5812 Ratings, 2420 Reviews",Name : Ronzille Silky Matte Mini Liquid Lipsticks Set Of 10|Product Name : Ronzille Silky Matte Mini Liquid Lipsticks Set Of 10|Finish : Long Wearing & Transfer Resistant|Color : Multicolor|Type : Liquid|Net Quantity (N) : 15||Country of Origin : India,Not available
6kqsvu,"MILA BEAUTE Minis Pout Party Lipstick, Long Lasting & Highly Pigmented, 12 Mini Pocket Fit Lipstick - Multicolor (Set A)",https://www.meesho.com/mila-beaute-minis-pout-party-lipstick-long-lasting-highly-pigmented-12-mini-pocket-fit-lipstick-multicolor-set-a/p/6kqsvu,4.1,₹189,"3155 Ratings, 1086 Reviews","Name : MILA BEAUTE Minis Pout Party Lipstick, Long Lasting & Highly Pigmented, 12 Mini Pocket Fit Lipstick - Multicolor (Set A)|Product Name : MILA BEAUTE Minis Pout Party Lipstick, Long Lasting & Highly Pigmented, 12 Mini Pocket Fit Lipstick - Multicolor (Set A)|Brand Name : MILA BEAUTE|Finish : Matte|Color : Multicolor|Type : Stick|Net Quantity (N) : 12|Formerly known as Milap Cosmetics, Ready to take your lip game to the next level? Meet the Mila Beauté Mini Pout Party – your ultimate lip companion. This adorable, portable set features 12 versatile shades that are perfect for on-the-go touch-ups. Whether you're heading to work, a party, or a weekend getaway, these mini matte lipsticks have got you covered. Enjoy long-lasting colour and a rich, velvety finish that stays put all day. With the Mini Pout Party, you can express yourself and experiment with different styles whenever you want. It's time to glam up anytime, anywhere with Mila Beauté!||Country of Origin : India",Not available
242gvp,RONZILLE Matte liquid lipstick Non Transfer plus Lip gloss Purple Edition Pack of 4,https://www.meesho.com/ronzille-matte-liquid-lipstick-non-transfer-plus-lip-gloss-purple-edition-pack-of-4/p/242gvp,3.9,₹202,"12227 Ratings, 4120 Reviews",Name : RONZILLE Matte liquid lipstick Non Transfer plus Lip gloss Purple Edition Pack of 4|RONZILLE Matte liquid lipstick Non Transfer plus Lip gloss Purple Edition Pack of 4,Not available
1lnfeo,"MARS Ultra Pigmented Super Soft Ultra Matte Lipstick Long Lasting Pack of 4 (Shade-D, 14.4 g)",https://www.meesho.com/mars-ultra-pigmented-super-soft-ultra-matte-lipstick-long-lasting-pack-of-4-shade-d-144-g/p/1lnfeo,4.1,₹346,"15850 Ratings, 5272 Reviews","Name : MARS Ultra Pigmented Super Soft Ultra Matte Lipstick Long Lasting Pack of 4 (Shade-D, 14.4 g)|Product Name : MARS Ultra Pigmented Super Soft Ultra Matte Lipstick Long Lasting Pack of 4 (Shade-D, 14.4 g)|Brand Name : Mars|Finish : Matte|Color : Multicolor|Type : Liquid|Net Quantity (N) : 4|Mars Super Soft Creamy Matte Lipstick is an essential addition to your makeup kit, offering the promise of lips that look plumper and more luscious. It comes in a range of lovely radiant and matte colors, rich in moisturizing properties that make your lips look fuller and creamier all day long.||Enriched with Vitamin E and sunscreen agents at SPF 10, this lipstick nourishes and protects your lips from harmful UV rays. Being super soft, the lipstick glides on effortlessly, providing flawless, even coverage for that perfect pout.||With a dazzling array of 4 fabulous matte finishes to choose from, you can find the ideal lip color to suit your mood. Pamper your lips with Mars Lipstick and enhance your natural beauty. Each lipstick features a diamond-cut tip and the Mars logo printed on the tip, ensuring easy application and professional results.||Mars Lipsticks are 100% vegetarian and suitable for daily use. Note : This creamy matte lipstick is enriched with Shea Butter for a smooth, hydrating finish. Perfect for creating stunning looks, it’s a must-have for every makeup lover’s collection!||Country of Origin : China",Not available
5kxuvt,Marroon Combo 2 Lipstick,https://www.meesho.com/marroon-combo-2-lipstick/p/5kxuvt,4.0,₹95,"7299 Ratings, 1591 Reviews",Name : Marroon Combo 2 Lipstick|Product Name : Marroon Combo 2 Lipstick|Finish : Matte|Color : Maroon|Type : Liquid|Net Quantity (N) : 2|Add On : Lip Gloss||Country of Origin : India,Not available
3drm9l,"Colors Queen Color It All Lip Crayon Lipstick for Women (Night Out, 3.5g)",https://www.meesho.com/colors-queen-color-it-all-lip-crayon-lipstick-for-women-night-out-35g/p/3drm9l,4.1,₹201,"34523 Ratings, 11672 Reviews","Name : Colors Queen Color It All Lip Crayon Lipstick for Women (Night Out, 3.5g)|Product Name : Colors Queen Color It All Lip Crayon Lipstick for Women (Night Out, 3.5g)|Brand Name : Colors Queen|Finish : Matte|Color : Maroon|Type : Crayon|Net Quantity (N) : 1|Add On : Sharpener|Colors Queen Color it All Lip Crayon Combines Unrivalled 18 Hour Long Stay and extreme Matte Finish with Ultra Comfort. This Smudge Proof Lip Crayon Delivers a High Colour Payoff While Feeling Weightless on the Lips making your Lips Feel Feathery Soft and Light.||Country of Origin : China",Not available
56s5xc,LIPGLOSS LIPSTICK,https://www.meesho.com/lipgloss-lipstick/p/56s5xc,3.9,₹104,"4393 Ratings, 910 Reviews",Name : LIPGLOSS LIPSTICK|Product Name : LIPGLOSS LIPSTICK|Finish : Long Wearing & Transfer Resistant|Color : Combo Of Maroon Shade|Type : Liquid|Net Quantity (N) : 2|Add On : Brush Set|matte lipstick with best quality and best price. thankyou for purchasing.||Country of Origin : India,Not available
3vqzmj,Red shade 5in1 lipstick with free ads kajal,https://www.meesho.com/red-shade-5in1-lipstick-with-free-ads-kajal/p/3vqzmj,3.7,₹95,"5419 Ratings, 1669 Reviews",Name : Red shade 5in1 lipstick with free ads kajal|Product Name : Red shade 5in1 lipstick with free ads kajal|Brand Name : GROOVS|Finish : Glossy|Color : Multicolor|Type : Crayon|Net Quantity (N) : 2|Add On : Lip Gloss|Red shade 5in1 lipstick with free ads kajal||Country of Origin : India,Not available
xe5me,BLUSHIS High Defination Smudge proof Waterproof Long lasting Liquid matte Lipstick Non Transfer Common Colour For Daily Use,https://www.meesho.com/blushis-high-defination-smudge-proof-waterproof-long-lasting-liquid-matte-lipstick-non-transfer-common-colour-for-daily-use/p/xe5me,4.1,₹147,"13324 Ratings, 4515 Reviews",Name : BLUSHIS High Defination Smudge proof Waterproof Long lasting Liquid matte Lipstick Non Transfer Common Colour For Daily Use|Product Name : BLUSHIS High Defination Smudge proof Waterproof Long lasting Liquid matte Lipstick Non Transfer Common Colour For Daily Use|Brand Name : BLUSHIS|Finish : Matte|Color : Nude|Type : Crayon|Net Quantity (N) : 3|Add On : Lip Gloss|A Good Quality Product For You And free gift for each lipstick for all buyers||Country of Origin : India,Not available
6pcoj4,Mamaearth Creamy Matte Long Stay Lipstick with Murumuru Butter and Vitamin E for 8-Hour Long Stay (Flakeproof & Non-Drying | Intense Color Payoff) Cranberry Crush - 4.2g,https://www.meesho.com/mamaearth-creamy-matte-long-stay-lipstick-with-murumuru-butter-and-vitamin-e-for-8-hour-long-stay-flakeproof-non-drying-intense-color-payoff-cranberry-crush-42g/p/6pcoj4,4.0,₹347,"3007 Ratings, 1196 Reviews",Name : Mamaearth Creamy Matte Long Stay Lipstick with Murumuru Butter and Vitamin E for 8-Hour Long Stay (Flakeproof & Non-Drying | Intense Color Payoff) Cranberry Crush - 4.2g|Product Name : Mamaearth Creamy Matte Long Stay Lipstick with Murumuru Butter and Vitamin E for 8-Hour Long Stay (Flakeproof & Non-Drying | Intense Color Payoff) Cranberry Crush - 4.2g|Finish : Matte|Color : Natural Skin|Type : Crayon|Net Quantity (N) : 1||Country of Origin : India,Not available
5ejzf8,Dazller All Day Lipcolour|Moisturizing Kokum Butter|Non-Transfer & Smudge-proof|8hr stay|Liquid Lipstick for Women|DLC026 Broad Berry|6g|Maroon|,https://www.meesho.com/dazller-all-day-lipcolourmoisturizing-kokum-butternon-transfer-smudge-proof8hr-stayliquid-lipstick-for-womendlc026-broad-berry6gmaroon/p/5ejzf8,4.2,₹188,"2240 Ratings, 790 Reviews","Name : Dazller All Day Lipcolour|Moisturizing Kokum Butter|Non-Transfer & Smudge-proof|8hr stay|Liquid Lipstick for Women|DLC026 Broad Berry|6g|Maroon||Product Name : Dazller All Day Lipcolour|Moisturizing Kokum Butter|Non-Transfer & Smudge-proof|8hr stay|Liquid Lipstick for Women|DLC026 Broad Berry|6g|Maroon||Brand Name : Dazller|Finish : Matte|Color : Pink. Maroon|Type : Liquid|Net Quantity (N) : 1|Introducing Dazller All Day Lip Colour, the ultimate lip colour for a flawless pout that lasts all day long! Available in 45+ stunning shades, this lip colour is designed to provide ultra-intense matte finish, making a bold statement with every swipe. The unique polymer-formulated formula of Dazller All Day Lip Colour ensures intense colour preservation, so you can enjoy vibrant and long-lasting lip colour without worrying about touch-ups throughout the day. It moisturizes and hydrates your lips, keeping them soft and supple, even in dry conditions. With up to 8 hours of stay, this lip colour is perfect for all-day wear. It is smudge-proof, non-transferable and the lightweight formula feels comfortable on your lips, allowing you to wear it for long hours without any discomfort. The one-swipe application of Dazller All Day Lip Colour ensures easy and precise application, saving you time and effort. Whether you're going for a bold red, a subtle nude, or a trendy berry shade, Dazller All Day Lip Colour has a shade for every occasion and mood. Elevate your lip game with Dazller All Day Lip Colour and enjoy intense, long-lasting, and smudge-proof lip colour that stays put all day, keeping your lips looking flawless and fabulous!||Product Benefits :|• Ultra-long stay|• Smudge-proof|• Non-transfer|• Lightweight|||Country of Origin : India",Not available
5zgkbp,"Ronzille Lip & Cheek Tint | Long Lasting, & Matte",https://www.meesho.com/ronzille-lip-cheek-tint-long-lasting-matte/p/5zgkbp,4.1,₹116,"10580 Ratings, 3791 Reviews","Name : Ronzille Lip & Cheek Tint | Long Lasting, & Matte|Product Name : Ronzille Lip & Cheek Tint | Long Lasting, & Matte|Brand Name : RONZILLE|Finish : Matte|Color : Pink|Type : Crayon|Net Quantity (N) : 1|lipstick for women, lipstick combo, lipstick liquid waterproof, waterproof lipstick, lipstick set, liquid lipstick, matte lipstick, lip liner with lipstick, nude lipstick, korean lipstick, lipstick palette, nude lipstick matte combo, Ronzille nude lipstick, nude pink lipstick, liquid wala lipstick, mars lipstick matte, brown lipstick matte, mini lipstick kit, Ronzille liquid lipstick, nude shade lipstick, maroon lipstick, Ronzille lipstick, brown lipstick, lipstick lipstick; waterproof lipstick liquid, maroon color lipstick, ronzille lipstick, ronzille, ronzille liquid lipstick, ronzille mini lipstick, lipstick ronzille, ronzille lipstick set, ronzille mini liquid lipstick kit, ronzille blush, ronzille lipstick combo, ronzille lip and cheek tint, ronzille long lasting lipstick, ronzille mini liquid lipstick, ronzille matte lipstick, ronzille long lasting, ronzille nude lipstick, ronzille fantastic lip and cheek, ronzille lip tint, ronzille tint, ronzille pocket matte lipstick set, ronzille mini bullet lipstick set, ronzille lip cheek tint, ronzille lipstick matte, ronzille pocket matte lipstick. ronzille mat lipstick, ronzille long lasting waterproof lipstick||Country of Origin : India",Not available
4bnvv8,"Colors Queen Color It All Lip Crayon Lipstick | Non Transfer Lip Crayon with Sharpener (Dynamite Berry, 3.5g)",https://www.meesho.com/colors-queen-color-it-all-lip-crayon-lipstick-non-transfer-lip-crayon-with-sharpener-dynamite-berry-35g/p/4bnvv8,4.0,₹175,"3179 Ratings, 1341 Reviews","Name : Colors Queen Color It All Lip Crayon Lipstick | Non Transfer Lip Crayon with Sharpener (Dynamite Berry, 3.5g)|Product Name : Colors Queen Color It All Lip Crayon Lipstick | Non Transfer Lip Crayon with Sharpener (Dynamite Berry, 3.5g)|Brand Name : Colors Queen|Finish : Matte|Color : Red|Type : Crayon|Net Quantity (N) : 1|Add On : Sharpener|Tint up your lips with the ultra matte weightless perfection. Colors Queen Color It All Lip Crayon is designed with 18 hr long lasting, matte finish, and great comfort. Get high pigmentation, feathery soft feel, and a smudge-proof finish all day long. A rich wear to fashion-up your everyday makeup.||Country of Origin : China",Not available
1504gk,"MILA BEAUTÉ LONG WEAR Matte Lipstick, Highly Pigmented Lipsticks for Women, Brown Lipstick (Dolche- 623)",https://www.meesho.com/mila-beaute-long-wear-matte-lipstick-highly-pigmented-lipsticks-for-women-brown-lipstick-dolche-623/p/1504gk,4.0,₹134,"13152 Ratings, 3516 Reviews","Name : MILA BEAUTÉ LONG WEAR Matte Lipstick, Highly Pigmented Lipsticks for Women, Brown Lipstick (Dolche- 623)|Product Name : MILA BEAUTÉ LONG WEAR Matte Lipstick, Highly Pigmented Lipsticks for Women, Brown Lipstick (Dolche- 623)|Brand Name : MILA BEAUTE|Finish : Matte|Color : Brown|Type : Crayon|Net Quantity (N) : 1|Every girl needs a trusty matte lipstick. One that doesn't budge or nudge from her lips. Long Wear Matte Lips Lipstick is here to give you matte lips and unleash the power of long stay. its luxe texture is what makes it the most converted of all matte lipstick, and spell pure opulence. Just one strokes is all it takes to cover your lips with high impact colour.Mila Beaute Lipstick,Lipstick,Matte lipstick waterproof,Lipstick waterproof,Matte lipsticks for women,Non transfer lipstick,Smudge-proof lipstick,Lipstick combo pack,Lipsticks,Cream lipstick,Red lipstick,Pink lipstick,Coral lipstick,Dark lipstick,Bold lipstick,Long-lasting lipstick,Cruelty-free lipstick,Organic lipstick,Trending lipstick shades,Lipstick for summer,Lipstick for winter,Lipstick Combo Set,lipstick combo,lipstick liquid waterproof,lip liner with lipstick,korean lipstick,lipstick palette,nude lipstick matte combo,Mila Beaute nude lipstick,nude pink lipstick,liquid wala lipstick,Mila Beaute lipstick matte,brown lipstick matte,mini lipstick kit,Mila Beaute liquid lipstick ,nude shade lipstick,maroon lipstick,Mila Beaute lipstick ,brown lipstick,lipstick lipstick,waterproof lipstick liquid,maroon color lipstick|||Country of Origin : India",Not available
7fm1xl,Matte Finish Red Edition Liquid Lipsticks 4in1,https://www.meesho.com/matte-finish-red-edition-liquid-lipsticks-4in1/p/7fm1xl,3.8,₹93,"9590 Ratings, 2260 Reviews",Name : Matte Finish Red Edition Liquid Lipsticks 4in1|Product Name : Matte Finish Red Edition Liquid Lipsticks 4in1|Net Quantity (N) : 1|Capacity : 80ml|Color : Combo Of Different Color|Water Resistant : Yes|Type : Liquid||Country of Origin : India,Not available
27b4wn,"RENEE Madness PH Lipstick 3gm| Black Lipstick with Pink Payoff | Long Lasting Nourishment, Enriched with Vitamin E & Jojoba Oil | Vegan & Paraben Free",https://www.meesho.com/renee-madness-ph-lipstick-3gm-black-lipstick-with-pink-payoff-long-lasting-nourishment-enriched-with-vitamin-e-jojoba-oil-vegan-paraben-free/p/27b4wn,4.1,₹396,"9979 Ratings, 3727 Reviews","Name : RENEE Madness PH Lipstick 3gm| Black Lipstick with Pink Payoff | Long Lasting Nourishment, Enriched with Vitamin E & Jojoba Oil | Vegan & Paraben Free|Product Name : RENEE Madness PH Lipstick 3gm| Black Lipstick with Pink Payoff | Long Lasting Nourishment, Enriched with Vitamin E & Jojoba Oil | Vegan & Paraben Free|Brand Name : Renee|Finish : Matte|Color : Black|Type : Crayon|Net Quantity (N) : 1|Enhances natural tone of lips|Enriched with essential oils|Gives a natural colour|Vegan & Paraben Free Formula|A WAND OF MAGIC FOR A SPELL OF COLORRENÉE||Madness PH stick is a stick of absolute magic when you want to keep the affairs of your lips hush hush! It is a lipstick with a bullet that appears black but magically blooms into a sheer, natural pink when applied to your lips. It's like wearing lipstick without letting anyone know you are wearing one! Your lips comealive as they respond to it, giving you a sheer shade of pink that’s perfectly unique to your skin tone. Enriched with Jojoba Oil, Macadamia Oil, Olive Oil, & Shea Butter Oil, this formula puts your lips under a spell of nourishment and a charm of enchantment whenever you wish!||Country of Origin : India",Not available
1335kh,"Ronzille Ayurvedic Creamy Set For Lip Hydrating & Moisturizing, Suitable For All Skin Tones Longlasting Crayon Lipstick Smudgeproof & Waterproof (Pack of 12)",https://www.meesho.com/ronzille-ayurvedic-creamy-set-for-lip-hydrating-moisturizing-suitable-for-all-skin-tones-longlasting-crayon-lipstick-smudgeproof-waterproof-pack-of-12/p/1335kh,4.0,₹179,"80369 Ratings, 21989 Reviews","Name : Ronzille Ayurvedic Creamy Set For Lip Hydrating & Moisturizing, Suitable For All Skin Tones Longlasting Crayon Lipstick Smudgeproof & Waterproof (Pack of 12)|Product Name : Ronzille Ayurvedic Creamy Set For Lip Hydrating & Moisturizing, Suitable For All Skin Tones Longlasting Crayon Lipstick Smudgeproof & Waterproof (Pack of 12)|Brand Name : RONZILLE|Finish : Matte|Color : Multicolor|Type : Crayon|Net Quantity (N) : 12|Mini Lipstick Set Of 12 lipstick for women, lipstick combo, lipstick liquid waterproof, waterproof lipstick, lipstick set, liquid lipstick, matte lipstick, lip liner with lipstick, nude lipstick, korean lipstick, lipstick palette, nude lipstick matte combo, Ronzille nude lipstick, nude pink lipstick, liquid wala lipstick, mars lipstick matte, brown lipstick matte, mini lipstick kit, Ronzille liquid lipstick, nude shade lipstick, maroon lipstick, Ronzille lipstick, brown lipstick, lipstick lipstick; waterproof lipstick liquid, maroon color lipstick, ronzille lipstick, ronzille, ronzille liquid lipstick, ronzille mini lipstick, lipstick ronzille, ronzille lipstick set, ronzille mini liquid lipstick kit, ronzille blush, ronzille lipstick combo, ronzille lip and cheek tint, ronzille long lasting lipstick, ronzille mini liquid lipstick, ronzille matte lipstick, ronzille long lasting, ronzille nude lipstick, ronzille fantastic lip and cheek, ronzille lip tint, ronzille tint, ronzille pocket matte lipstick set, ronzille mini bullet lipstick set, ronzille lip cheek tint, ronzille lipstick matte, ronzille pocket matte lipstick. ronzille mat lipstick, ronzille long lasting waterproof lipstick||Country of Origin : India",Not available
5b552k,MARS Long Lasting Crayon Lipstick up to 12 Hours Stay | Matte Finish | Waterproof | Won't Smudge Won't Budge Lip Crayon (3.5 gm) ( Girl Power - 10 ),https://www.meesho.com/mars-long-lasting-crayon-lipstick-up-to-12-hours-stay-matte-finish-waterproof-wont-smudge-wont-budge-lip-crayon-35-gm-girl-power-10/p/5b552k,4.2,₹244,"9229 Ratings, 3157 Reviews","Name : MARS Long Lasting Crayon Lipstick up to 12 Hours Stay | Matte Finish | Waterproof | Won't Smudge Won't Budge Lip Crayon (3.5 gm) ( Girl Power - 10 )|Product Name : MARS Long Lasting Crayon Lipstick up to 12 Hours Stay | Matte Finish | Waterproof | Won't Smudge Won't Budge Lip Crayon (3.5 gm) ( Girl Power - 10 )|Brand Name : Mars|Finish : Matte|Color : Brown|Type : Crayon|Net Quantity (N) : 1|The MARS Won't Smudge Won't Budge Matte Lip Crayon is a must-have for your makeup kit, offering a uniquely formulated crayon that comes in a range of 24 gorgeous shades to match every incredible personality you have.||It is :||Highly Pigmented : Delivers rich, bold color in just one swipe.|Long Lasting : Stays put throughout the day without fading.|Transfer-Proof : It won’t budge or transfer, giving you a flawless look that lasts.|Ultra Matte : Dries to a smooth, ultra-matte finish for that perfect pout.||Country of Origin : China",Not available
6pv1gx,Seven Seas Matte Mood Non Transfer Crayon Lipstick (Nudy Mauve 3.5g),https://www.meesho.com/seven-seas-matte-mood-non-transfer-crayon-lipstick-nudy-mauve-35g/p/6pv1gx,4.1,₹190,"3252 Ratings, 1352 Reviews","Name : Seven Seas Matte Mood Non Transfer Crayon Lipstick (Nudy Mauve 3.5g)|Product Name : Seven Seas Matte Mood Non Transfer Crayon Lipstick (Nudy Mauve 3.5g)|Brand Name : Seven Seas|Finish : Matte|Color : Nude|Type : Crayon|Net Quantity (N) : 1|Seven Seas Matte Mood Non Transfer Matte Crayon Lipstick has an unrivalled stay and an extreme matte finish Makeup. This Lipstick is quite comfortable to wear as well. This smudge-proof lip crayon Lipstick has a great colour payoff and feels weightless on the lips, leaving them feeling feathery soft and light. You can easily carry this lipstick in your makeup Kit||Country of Origin : China",Not available
5ejzf6,Dazller All Day Lipcolour|Moisturizing Kokum Butter|Brown Liquid Lipstick for Women|Non-Transfer|8hr stay|DLC025 Hazelnut Cup|6g,https://www.meesho.com/dazller-all-day-lipcolourmoisturizing-kokum-butterbrown-liquid-lipstick-for-womennon-transfer8hr-staydlc025-hazelnut-cup6g/p/5ejzf6,4.1,₹187,"9261 Ratings, 3113 Reviews","Name : Dazller All Day Lipcolour|Moisturizing Kokum Butter|Brown Liquid Lipstick for Women|Non-Transfer|8hr stay|DLC025 Hazelnut Cup|6g|Product Name : Dazller All Day Lipcolour|Moisturizing Kokum Butter|Brown Liquid Lipstick for Women|Non-Transfer|8hr stay|DLC025 Hazelnut Cup|6g|Brand Name : Dazller|Finish : Matte|Color : Brown|Type : Liquid|Net Quantity (N) : 1|Introducing Dazller All Day Lip Colour, the ultimate lip colour for a flawless pout that lasts all day long! Available in 45+ stunning shades, this lip colour is designed to provide ultra-intense matte finish, making a bold statement with every swipe. The unique polymer-formulated formula of Dazller All Day Lip Colour ensures intense colour preservation, so you can enjoy vibrant and long-lasting lip colour without worrying about touch-ups throughout the day. It moisturizes and hydrates your lips, keeping them soft and supple, even in dry conditions. With up to 8 hours of stay, this lip colour is perfect for all-day wear. It is smudge-proof, non-transferable and the lightweight formula feels comfortable on your lips, allowing you to wear it for long hours without any discomfort. The one-swipe application of Dazller All Day Lip Colour ensures easy and precise application, saving you time and effort. Whether you're going for a bold red, a subtle nude, or a trendy berry shade, Dazller All Day Lip Colour has a shade for every occasion and mood. Elevate your lip game with Dazller All Day Lip Colour and enjoy intense, long-lasting, and smudge-proof lip colour that stays put all day, keeping your lips looking flawless and fabulous!||Product Benefits :|• Ultra-long stay|• Smudge-proof|• Non-transfer|• Lightweight|||Country of Origin : India",Not available
5num9x,"MILA BEAUTÉ Matte Stick Lipstick, Long lasting lipsticks, Lipstick for Women, Lipstick pack of 1, Manhattan Rose",https://www.meesho.com/mila-beaute-matte-stick-lipstick-long-lasting-lipsticks-lipstick-for-women-lipstick-pack-of-1-manhattan-rose/p/5num9x,4.0,₹95,"2111 Ratings, 613 Reviews","Name : MILA BEAUTÉ Matte Stick Lipstick, Long lasting lipsticks, Lipstick for Women, Lipstick pack of 1, Manhattan Rose|Product Name : MILA BEAUTÉ Matte Stick Lipstick, Long lasting lipsticks, Lipstick for Women, Lipstick pack of 1, Manhattan Rose|Brand Name : MILA BEAUTE|Finish : Matte|Color : Coral Pink|Type : Stick|Net Quantity (N) : 1|Searching for the perfect matte lipstick for everyday wear? Look no further than Mila Beauté Matte Lipstick. This lipstick delivers an intense, long-lasting matte finish that you can count on. Its highly pigmented and lightweight formula offers full coverage with a smooth, easy glide. Ideal for any occasion, this lipstick ensures vibrant colour that stays put from morning till night. Elevate your daily look with the flawless matte finish of Mila Beauté Matte Lipstick! Mila beaute Lipstick,Lipstick,Matte lipstick waterproof,Lipstick waterproof,Matte lipsticks for women,Non transfer lipstick,Smudge-proof lipstick,Lipstick combo pack,Lipsticks,Cream lipstick,Red lipstick,Pink lipstick,Coral lipstick,Dark lipstick,Bold lipstick,Long-lasting lipstick,Cruelty-free lipstick,Organic lipstick,Trending lipstick shades,Lipstick for summer,Lipstick for winter,Lipstick Combo Set,lipstick combo,lipstick liquid waterproof,lip liner with lipstick,korean lipstick,lipstick palette,nude lipstick matte combo,Mila nude lipstick,nude pink lipstick,liquid wala lipstick.|||Country of Origin : India",Not available
2u1r73,"MILA Beaute Matte Lipstick, Long lasting lipsticks, Lipstick for Women, 4.2gm Each, Lipstick Combo pack of 3 (Cloud 9 , Laroosh , Glamorous)",https://www.meesho.com/mila-beaute-matte-lipstick-long-lasting-lipsticks-lipstick-for-women-42gm-each-lipstick-combo-pack-of-3-cloud-9-laroosh-glamorous/p/2u1r73,4.2,₹225,"18529 Ratings, 6144 Reviews","Name : MILA Beaute Matte Lipstick, Long lasting lipsticks, Lipstick for Women, 4.2gm Each, Lipstick Combo pack of 3 (Cloud 9 , Laroosh , Glamorous)|Product Name : MILA Beaute Matte Lipstick, Long lasting lipsticks, Lipstick for Women, 4.2gm Each, Lipstick Combo pack of 3 (Cloud 9 , Laroosh , Glamorous)|Brand Name : MILA BEAUTE|Finish : Matte|Color : Maroon|Type : Stick|Net Quantity (N) : 3|The Lipstick of your fantasies is finally here. Get ready to applaud utter gorgeousness with MILA BEAUTE Matte lips lipstick. Mila Beaute brings you rich experience of color that has smooth application, Intense, water resistance, premium opaque matte finish that doesn't feel heavy on the lips but provides them with plush comfortable wear. Long lasting these extra ordinary shades have been curated to complement every mood.|Milap Lipstick,Lipstick,Matte lipstick waterproof,Lipstick waterproof,Matte lipsticks for women,Non transfer lipstick,Smudge-proof lipstick,Lipstick combo pack,Lipsticks,Cream lipstick,Red lipstick,Pink lipstick,Coral lipstick,Dark lipstick,Bold lipstick,Long-lasting lipstick,Cruelty-free lipstick,Organic lipstick,Trending lipstick shades,Lipstick for summer,Lipstick for winter,Lipstick Combo Set,lipstick combo,lipstick liquid waterproof,lip liner with lipstick,korean lipstick,lipstick palette,nude lipstick matte combo,Mila Beaute nude lipstick,nude pink lipstick,liquid wala lipstick,Mila beaute lipstick matte,brown lipstick matte,mini lipstick kit,Mila beaute liquid lipstick ,nude shade lipstick,maroon lipstick,Mila beaute lipstick ,brown lipstick,lipstick lipstick,waterproof lipstick liquid,maroon color lipstick|||Country of Origin : India",Not available
1blfrk,RONZILLE Pocket Mini Bullet Lipstick Set of 12 Shade A,https://www.meesho.com/ronzille-pocket-mini-bullet-lipstick-set-of-12-shade-a/p/1blfrk,4.1,₹179,"5531 Ratings, 1631 Reviews",Name : RONZILLE Pocket Mini Bullet Lipstick Set of 12 Shade A|RONZILLE Pocket Mini Bullet Lipstick Set of 12 Shade A,Not available
4kbrvx,"MILA BEAUTE Long Stay Matte Lipstick, Long Lasting Lipsticks for women, Pink Lipstick & Red Lipstick(4.2g Each)",https://www.meesho.com/mila-beaute-long-stay-matte-lipstick-long-lasting-lipsticks-for-women-pink-lipstick-red-lipstick42g-each/p/4kbrvx,4.1,₹172,"14210 Ratings, 4365 Reviews","Name : MILA BEAUTE Long Stay Matte Lipstick, Long Lasting Lipsticks for women, Pink Lipstick & Red Lipstick(4.2g Each)|Product Name : MILA BEAUTE Long Stay Matte Lipstick, Long Lasting Lipsticks for women, Pink Lipstick & Red Lipstick(4.2g Each)|Brand Name : MILA BEAUTE|Finish : Matte|Color : Multicolor|Type : Stick|Net Quantity (N) : 2|The Lipstick of your fantasies is finally here. Get ready to applaud utter gorgeousness with MILA BEAUTE Matte lips lipstick. Mila BEAUTE brings you rich experience of color that has smooth application, Intense, water resistance, premium opaque matte finish that doesn't feel heavy on the lips but provides them with plush comfortable wear. Long lasting these extra ordinary shades have been curated to complement every mood.|Mila beaute Lipstick,Lipstick,Matte lipstick waterproof,Lipstick waterproof,Matte lipsticks for women,Non transfer lipstick,Smudge-proof lipstick,Lipstick combo pack,Lipsticks,Cream lipstick,Red lipstick,Pink lipstick,Coral lipstick,Dark lipstick,Bold lipstick,Long-lasting lipstick,Cruelty-free lipstick,Organic lipstick,Trending lipstick shades,Lipstick for summer,Lipstick for winter,Lipstick Combo Set,lipstick combo,lipstick liquid waterproof,lip liner with lipstick,korean lipstick,lipstick palette,nude lipstick matte combo,Mila beaute nude lipstick,nude pink lipstick,liquid wala lipstick,Mila beaute lipstick matte,brown lipstick matte,mini lipstick kit,Mila beaute liquid lipstick ,nude shade lipstick,maroon lipstick,Mila beaute lipstick ,brown lipstick,lipstick lipstick,waterproof lipstick liquid,maroon color lipstick|||Country of Origin : India",Not available
6vedpl,Waterproof Long Lasting Liquid Matte Lipsticks,https://www.meesho.com/waterproof-long-lasting-liquid-matte-lipsticks/p/6vedpl,4.0,₹151,"4123 Ratings, 1750 Reviews",Name : Waterproof Long Lasting Liquid Matte Lipsticks|Product Name : Waterproof Long Lasting Liquid Matte Lipsticks|Finish : Long Wearing & Transfer Resistant|Color : 10 Light|Type : Liquid|Net Quantity (N) : 6||Country of Origin : India,Not available
3c1ykd,RONZILLE Long Stay Creamy Matte Lipstick With Intense Colour Shade-01,https://www.meesho.com/ronzille-long-stay-creamy-matte-lipstick-with-intense-colour-shade-01/p/3c1ykd,3.9,₹136,"3443 Ratings, 1302 Reviews","Name : RONZILLE Long Stay Creamy Matte Lipstick With Intense Colour Shade-01|Product Name : RONZILLE Long Stay Creamy Matte Lipstick With Intense Colour Shade-01|Brand Name : RONZILLE|Finish : Matte|Color : Red|Type : Crayon|Net Quantity (N) : 1|Makeup kit|Makeup|Lipstick|lipstick for women, lipstick combo, lipstick liquid waterproof, waterproof lipstick, lipstick set, liquid lipstick, matte lipstick, lip liner with lipstick, nude lipstick, korean lipstick, lipstick palette, nude lipstick matte combo, Ronzille nude lipstick, nude pink lipstick, liquid wala lipstick, mars lipstick matte, brown lipstick matte, mini lipstick kit, Ronzille liquid lipstick, nude shade lipstick, maroon lipstick, Ronzille lipstick, brown lipstick, lipstick lipstick; waterproof lipstick liquid, maroon color lipstick, ronzille lipstick, ronzille, ronzille liquid lipstick, ronzille mini lipstick, lipstick ronzille, ronzille lipstick set, ronzille mini liquid lipstick kit, ronzille blush, ronzille lipstick combo, ronzille lip and cheek tint, ronzille long lasting lipstick, ronzille mini liquid lipstick, ronzille matte lipstick, ronzille long lasting, ronzille nude lipstick, ronzille fantastic lip and cheek, ronzille lip tint, ronzille tint, ronzille pocket matte lipstick set, ronzille mini bullet lipstick set, ronzille lip cheek tint, ronzille lipstick matte, ronzille pocket matte lipstick. ronzille mat lipstick, ronzille long lasting waterproof lipstick||Country of Origin : India",Not available
157rai,Ronzille Mini Bullet Lipstick Set of 12 Shade A,https://www.meesho.com/ronzille-mini-bullet-lipstick-set-of-12-shade-a/p/157rai,4.0,₹179,"32133 Ratings, 9527 Reviews","Name : Ronzille Mini Bullet Lipstick Set of 12 Shade A|Product Name : Ronzille Mini Bullet Lipstick Set of 12 Shade A|Brand Name : RONZILLE|Finish : Matte|Color : Multicolor|Type : Crayon|Net Quantity (N) : 12|Matte Lipstick lipstick for women, lipstick combo, lipstick liquid waterproof, waterproof lipstick, lipstick set, liquid lipstick, matte lipstick, lip liner with lipstick, nude lipstick, korean lipstick, lipstick palette, nude lipstick matte combo, Ronzille nude lipstick, nude pink lipstick, liquid wala lipstick, mars lipstick matte, brown lipstick matte, mini lipstick kit, Ronzille liquid lipstick, nude shade lipstick, maroon lipstick, Ronzille lipstick, brown lipstick, lipstick lipstick; waterproof lipstick liquid, maroon color lipstick, ronzille lipstick, ronzille, ronzille liquid lipstick, ronzille mini lipstick, lipstick ronzille, ronzille lipstick set, ronzille mini liquid lipstick kit, ronzille blush, ronzille lipstick combo, ronzille lip and cheek tint, ronzille long lasting lipstick, ronzille mini liquid lipstick, ronzille matte lipstick, ronzille long lasting, ronzille nude lipstick, ronzille fantastic lip and cheek, ronzille lip tint, ronzille tint, ronzille pocket matte lipstick set, ronzille mini bullet lipstick set, ronzille lip cheek tint, ronzille lipstick matte, ronzille pocket matte lipstick. ronzille mat lipstick, ronzille long lasting waterproof lipstick||Country of Origin : India",Not available
1axxae,Colors Queen Color Stay Long Lasting Matte Lipstick for Women (Magenta),https://www.meesho.com/colors-queen-color-stay-long-lasting-matte-lipstick-for-women-magenta/p/1axxae,4.1,₹210,"2023 Ratings, 671 Reviews","Name : Colors Queen Color Stay Long Lasting Matte Lipstick for Women (Magenta)|Product Name : Colors Queen Color Stay Long Lasting Matte Lipstick for Women (Magenta)|Brand Name : Colors Queen|Finish : Matte|Color : Pink|Type : Crayon|Net Quantity (N) : 1|The matte, long-lasting texture gives you pout-worthy lips in one stroke. It effortlessly on your lips, giving you a gorgeous soft matte finish. Plush, pigment-rich formula | intense colour pay-off | smooth textured stroke application | luxurious, effortless glide | soft matte finish. The Colors Queen New Colors Stay Non Transfer Matte Lipstick||Country of Origin : China",Not available
2ef2nk,Colors Queen Color Stay Long Lasting Matte Lipstick for Women (Nudit),https://www.meesho.com/colors-queen-color-stay-long-lasting-matte-lipstick-for-women-nudit/p/2ef2nk,3.9,₹219,"2995 Ratings, 1202 Reviews","Name : Colors Queen Color Stay Long Lasting Matte Lipstick for Women (Nudit)|Product Name : Colors Queen Color Stay Long Lasting Matte Lipstick for Women (Nudit)|Brand Name : Colors Queen|Finish : Matte|Color : Nude|Type : Waterproof|Net Quantity (N) : 1|The lipstick of your fantasies is here, presenting Colors Queen Color Stay Long Lasting Non Transfer Matte Lipstick a more than perfect 12-15 hrs non transfer lipstick. This lisptick has creamy matte texture, lustrous, moistures and water resistant formula gives your lips flawless finish. Discover a long lasting matte lipstick keeps your lips moisturized. Colors Queen Colors Stay matte lipstick comes in 26 trendy shades. A perfect match for a woman who wants to look bold and make the best of herself. This Non Transfer Matte lipsticks for women promises an unbeatable indulgent experience of intense color and nourishing formula.||Country of Origin : China",Not available
4x30o7,Mamaearth Soft Matte Long Stay Lipsticks with Jojoba Oil & Vitamin E for 12 Hour Long Stay - 07 Ruby Red - 3.5 g,https://www.meesho.com/mamaearth-soft-matte-long-stay-lipsticks-with-jojoba-oil-vitamin-e-for-12-hour-long-stay-07-ruby-red-35-g/p/4x30o7,4.1,₹341,"2686 Ratings, 931 Reviews","Name : Mamaearth Soft Matte Long Stay Lipsticks with Jojoba Oil & Vitamin E for 12 Hour Long Stay - 07 Ruby Red - 3.5 g|Product Name : Mamaearth Soft Matte Long Stay Lipsticks with Jojoba Oil & Vitamin E for 12 Hour Long Stay - 07 Ruby Red - 3.5 g|Brand Name : Mamaearth|Finish : Matte|Color : Red|Type : Crayon|Net Quantity (N) : 1|Dreaming of a matte lipstick that doesn’t dry your lips and gives them gorgeous color? We’ve made it happen! Introducing Mamaearth Soft Matte Long Stay Lipstick - a comfortable, long-wear lipstick with rich color payoff that stays on for 12 hours.|Crafted with the natural goodness of Jojoba Oil & Vitamin E, the lipstick has a non-drying formula and adds a lush color to your lips, keeping them soft and smooth. Jojoba Oil softens while Vitamin E intensely moisturizes. Lightweight and waterproof, the Soft Matte Long Stay Lipstick doesn’t smudge and gives your lips high-intensity color in just one stroke.|Available in 9 mattelicious shades, you can choose from everyday nudes, delicate pinks, and fiery reds that are the perfect finish to your everyday makeup. Wait, there’s more! Our lipsticks are also Made Safe Certified, which means no toxins, just the goodness of natural ingredients.||Country of Origin : India",Not available
